<?xml version="1.0"?>
<component>
    <component-class>javax.faces.component.html.HtmlDataTable</component-class>
    <base-class>javax.faces.component.UIData</base-class>
    <component-type>javax.faces.HtmlDataTable</component-type>
    <renderer-type>javax.faces.Table</renderer-type>
    <field>
        <name>bgcolor</name>
        <type>java.lang.String</type>
    </field>
    <field>
        <name>border</name>
        <type>int</type>
    </field>
    <field>
        <name>cellpadding</name>
        <type>java.lang.String</type>
    </field>
    <field>
        <name>cellspacing</name>
        <type>java.lang.String</type>
    </field>
    <field>
        <name>columnClasses</name>
        <type>java.lang.String</type>
    </field>
    <field>
        <name>dir</name>
        <type>java.lang.String</type>
    </field>
    <field>
        <name>footerClass</name>
        <type>java.lang.String</type>
    </field>
    <field>
        <name>frame</name>
        <type>java.lang.String</type>
    </field>
    <field>
        <name>headerClass</name>
        <type>java.lang.String</type>
    </field>
    <field>
        <name>lang</name>
        <type>java.lang.String</type>
    </field>
    <field>
        <name>onclick</name>
        <type>java.lang.String</type>
    </field>
    <field>
        <name>ondblclick</name>
        <type>java.lang.String</type>
    </field>
    <field>
        <name>onkeydown</name>
        <type>java.lang.String</type>
    </field>
    <field>
        <name>onkeypress</name>
        <type>java.lang.String</type>
    </field>
    <field>
        <name>onkeyup</name>
        <type>java.lang.String</type>
    </field>
    <field>
        <name>onmousedown</name>
        <type>java.lang.String</type>
    </field>
    <field>
        <name>onmousemove</name>
        <type>java.lang.String</type>
    </field>
    <field>
        <name>onmouseout</name>
        <type>java.lang.String</type>
    </field>
    <field>
        <name>onmouseover</name>
        <type>java.lang.String</type>
    </field>
    <field>
        <name>onmouseup</name>
        <type>java.lang.String</type>
    </field>
    <field>
        <name>rowClasses</name>
        <type>java.lang.String</type>
    </field>
    <field>
        <name>rules</name>
        <type>java.lang.String</type>
    </field>
    <field>
        <name>style</name>
        <type>java.lang.String</type>
    </field>
    <field>
        <name>styleClass</name>
        <type>java.lang.String</type>
    </field>
    <field>
        <name>summary</name>
        <type>java.lang.String</type>
    </field>
    <field>
        <name>title</name>
        <type>java.lang.String</type>
    </field>
    <field>
        <name>width</name>
        <type>java.lang.String</type>
    </field>
</component>
