<?xml version="1.0"?>
<component>
    <component-class>javax.faces.component.html.HtmlGraphicImage</component-class>
    <base-class>javax.faces.component.UIGraphic</base-class>
    <component-type>javax.faces.HtmlGraphicImage</component-type>
    <renderer-type>javax.faces.Image</renderer-type>
    <field>
        <name>alt</name>
        <type>java.lang.String</type>
    </field>
    <field>
        <name>dir</name>
        <type>java.lang.String</type>
    </field>
    <field>
        <name>height</name>
        <type>java.lang.String</type>
    </field>
    <field>
        <name>ismap</name>
        <type>boolean</type>
        <default-value>false</default-value>
    </field>
    <field>
        <name>lang</name>
        <type>java.lang.String</type>
    </field>
    <field>
        <name>longdesc</name>
        <type>java.lang.String</type>
    </field>
    <field>
        <name>onclick</name>
        <type>java.lang.String</type>
    </field>
    <field>
        <name>ondblclick</name>
        <type>java.lang.String</type>
    </field>
    <field>
        <name>onkeydown</name>
        <type>java.lang.String</type>
    </field>
    <field>
        <name>onkeypress</name>
        <type>java.lang.String</type>
    </field>
    <field>
        <name>onkeyup</name>
        <type>java.lang.String</type>
    </field>
    <field>
        <name>onmousedown</name>
        <type>java.lang.String</type>
    </field>
    <field>
        <name>onmousemove</name>
        <type>java.lang.String</type>
    </field>
    <field>
        <name>onmouseout</name>
        <type>java.lang.String</type>
    </field>
    <field>
        <name>onmouseover</name>
        <type>java.lang.String</type>
    </field>
    <field>
        <name>onmouseup</name>
        <type>java.lang.String</type>
    </field>
    <field>
        <name>style</name>
        <type>java.lang.String</type>
    </field>
    <field>
        <name>styleClass</name>
        <type>java.lang.String</type>
    </field>
    <field>
        <name>title</name>
        <type>java.lang.String</type>
    </field>
    <field>
        <name>usemap</name>
        <type>java.lang.String</type>
    </field>
    <field>
        <name>width</name>
        <type>java.lang.String</type>
    </field>
</component>
