<?xml version="1.0" encoding="ISO-8859-1" ?>
<!DOCTYPE component PUBLIC
  "-//MyFaces//DTD MyFaces component def 1.0//EN"
  "http://myfaces.apache.org/dtd/Component.dtd">
<component generateStateMethods="false" >
    <component-class>javax.faces.component.UIData</component-class>
    <base-class>javax.faces.component.UIComponentBase</base-class>
    <component-type>javax.faces.Data</component-type>
    <component-family>javax.faces.Data</component-family>
    <renderer-type>javax.faces.Table</renderer-type>
    <field>
        <name>first</name>
        <type>int</type>
        <default-value>0</default-value>
    </field>
    <field generateSetter="false">
        <name>rows</name>
        <type>int</type>
        <default-value>0</default-value>
    </field>
    <field generateSetter="false" >
        <name>value</name>
        <type>java.lang.Object</type>
    </field>
    <field generateProperty="false">
        <name>var</name>
        <type>java.lang.String</type>
    </field>
    <field generateProperty="false" saveState="false" >
        <name>rowIndex</name>
        <type>int</type>
        <default-value>-1</default-value>
    </field>
    <field generateProperty="false" saveState="false">
        <name>footer</name>
        <type>javax.faces.component.UIComponent</type>
    </field>
    <field generateProperty="false" saveState="false">
        <name>header</name>
        <type>javax.faces.component.UIComponent</type>
    </field>
</component>
