<?xml version="1.0"?>
<component>
    <component-class>javax.faces.component.UIMessage</component-class>
    <base-class>javax.faces.component.UIComponentBase</base-class>
    <component-type>javax.faces.Message</component-type>
    <component-family>javax.faces.Message</component-family>
    <renderer-type>javax.faces.Message</renderer-type>
    <field>
        <name>for</name>
        <type>java.lang.String</type>
    </field>
    <field>
        <name>showDetail</name>
        <type>boolean</type>
        <default-value>true</default-value>
    </field>
    <field>
        <name>showSummary</name>
        <type>boolean</type>
        <default-value>false</default-value>
    </field>
</component>
