<?xml version="1.0"?>
<component>
    <component-class>javax.faces.component.UIMessages</component-class>
    <base-class>javax.faces.component.UIComponentBase</base-class>
    <component-type>javax.faces.Messages</component-type>
    <component-family>javax.faces.Messages</component-family>
    <renderer-type>javax.faces.Messages</renderer-type>
    <field>
        <name>globalOnly</name>
        <type>boolean</type>
        <default-value>false</default-value>
    </field>
    <field>
        <name>showDetail</name>
        <type>boolean</type>
        <default-value>false</default-value>
    </field>
    <field>
        <name>showSummary</name>
        <type>boolean</type>
        <default-value>true</default-value>
    </field>
</component>
