<?xml version="1.0" encoding="ISO-8859-1" ?>
<!DOCTYPE component PUBLIC
  "-//MyFaces//DTD MyFaces component def 1.0//EN"
  "http://myfaces.apache.org/dtd/Component.dtd">
<component>
    <component-class>javax.faces.component.UISelectBoolean</component-class>
    <base-class>javax.faces.component.UIInput</base-class>
    <component-type>javax.faces.SelectBoolean</component-type>
    <component-family>javax.faces.SelectBoolean</component-family>
    <renderer-type>javax.faces.Checkbox</renderer-type>
    <field generateProperty="false" saveState="false" >
        <name>selected</name>
        <type>boolean</type>
        <default-value>false</default-value>
    </field>
</component>
