<?xml version="1.0"?>
<component>
    <component-class>javax.faces.component.UISelectItem</component-class>
    <base-class>javax.faces.component.UIComponentBase</base-class>
    <component-type>javax.faces.SelectItem</component-type>
    <component-family>javax.faces.SelectItem</component-family>
    <field>
        <name>itemDescription</name>
        <type>java.lang.String</type>
    </field>
    <field>
        <name>itemDisabled</name>
        <type>boolean</type>
        <default-value>false</default-value>
    </field>
    <field>
        <name>itemLabel</name>
        <type>java.lang.String</type>
    </field>
    <field>
        <name>itemValue</name>
        <type>java.lang.Object</type>
    </field>
    <field>
        <name>value</name>
        <type>java.lang.Object</type>
    </field>
</component>
