<?xml version="1.0" encoding="UTF-8"?>
<!-- $Id: default.xml,v 1.40 2006/08/02 20:37:26 unl Exp $ -->
<!-- Copyright 2005 Chibacon -->
<chiba-config>
    <!-- PLEASE COMMENT YOUR ENTRIES -->
    <properties>
        <!-- generate default alert elements if none present. -->
        <property name="chiba.ui.generateDefaultAlerts" value="false"/>
        <!-- define the default text for automatically generated alert elements. -->
        <property name="chiba.ui.defaultAlertText" value="The specified value is invalid"/>
    </properties>

    <connectors>
        <!--
            For each of the connector types you can specifiy one connector to handle one URI scheme.
        -->
        <uri-resolver scheme="file" class="org.chiba.xml.xforms.connector.file.FileURIResolver"/>
        <uri-resolver scheme="http" class="org.chiba.xml.xforms.connector.http.HTTPURIResolver"/>
        <uri-resolver scheme="class" class="org.chiba.util.ClassResourceLoader"/>
        <uri-resolver scheme="xmlrpc" class="org.chiba.connectors.xmlrpc.XMLRPCURIResolver"/>
        <uri-resolver scheme="context" class="org.chiba.xml.xforms.connector.context.ContextResolver"/>

        <submission-handler scheme="file" class="org.chiba.xml.xforms.connector.file.FileSubmissionHandler"/>
        <submission-handler scheme="http" class="org.chiba.xml.xforms.connector.http.HTTPSubmissionHandler"/>
        <submission-handler scheme="mailto" class="org.chiba.connectors.smtp.SMTPSubmissionHandler"/>
        <submission-handler scheme="xmlrpc" class="org.chiba.connectors.xmlrpc.XMLRPCSubmissionHandler"/>
        <submission-handler scheme="echo" class="org.chiba.xml.xforms.connector.echo.EchoSubmissionHandler"/>
    </connectors>
    <extension-functions>
        <!--
            Specifies external functions to be used in the XForms' XPath expressions. If the 'java-name' attribute
            is ommitted, the Java function name is considered to be the same as that of the XPath function.
        -->
        <function namespace="http://chiba.sourceforge.net/xforms" name="context" class="org.chiba.xml.xforms.xpath.ChibaExtensionFunctions" />

        <!--<function namespace="http://exslt.org/regular-expressions" prefix="regexp" name="test" class="org.galasoft.util.xml.servlet.xforms.exslt.Regexp" java-name="test"/>-->
        <function namespace="http://exslt.org/regular-expressions" name="test" class="org.galasoft.util.xml.servlet.xforms.exslt.Regexp" java-name="test"/>
        <function namespace="http://chiba.sourceforge.net/xforms" name="fileDate" class="org.chiba.xml.xforms.xpath.ChibaExtensionFunctions"/>
        <function namespace="http://chiba.sourceforge.net/xforms" name="fileSize" class="org.chiba.xml.xforms.xpath.ChibaExtensionFunctions"/>
        <function namespace="http://chiba.sourceforge.net/xforms" name="match" class="org.chiba.xml.xforms.xpath.ChibaExtensionFunctions"/>
    </extension-functions>

	<custom-elements>
		<!--
			In this section you can associate a foreign namespaced element with a class that implements any
			arbitrary control. The element is identified by its namespace URI and element name. The implementing
			class must extend XFormsElement and have a constructor corresponding to the following signature:
			public YourClass(Element, Model);
		-->
		<!--element namespace="http://yourdomain.com/path" name="yourcontrol" class="com.yourdomain.yourpackage.YourClass"/-->
	</custom-elements>

    <!-- ACTION CONFIGURATION CURRENTLY DISABLED -->
    <actions>
        <!--
        these entries are used by the ActionFactory to instanciate Action-objects
        from an XForms input document. The attribute 'name' must match the tagname
        found in the document.

        Attention: no other namespace than XForms is supported by now. This can
        be easily added when custom actions occurs.
        -->
        <!--        <action name="dispatch" class="org.chiba.xml.xforms.action.DispatchAction"/>-->
        <!--        <action name="refresh" class="org.chiba.xml.xforms.action.RefreshAction"/>-->
        <!--        <action name="recalculate" class="org.chiba.xml.xforms.action.RecalculateAction"/>-->
        <!--        <action name="revalidate" class="org.chiba.xml.xforms.action.RevalidateAction"/>-->
        <!--        <action name="setfocus" class="org.chiba.xml.xforms.action.SetFocusAction"/>-->
        <!--        <action name="load" class="org.chiba.xml.xforms.action.LoadAction"/>-->
        <!--        <action name="setvalue" class="org.chiba.xml.xforms.action.SetValueAction"/>-->
        <!--        <action name="send" class="org.chiba.xml.xforms.action.SendAction"/>-->
        <!--        <action name="reset" class="org.chiba.xml.xforms.action.ResetAction"/>-->
        <!--        <action name="setindex" class="org.chiba.xml.xforms.action.SetIndexAction"/>-->
        <!--        <action name="insert" class="org.chiba.xml.xforms.action.InsertAction"/>-->
        <!--        <action name="delete" class="org.chiba.xml.xforms.action.DeleteAction"/>-->
        <!--        <action name="toggle" class="org.chiba.xml.xforms.action.ToggleAction"/>-->
        <!--        <action name="script" class="org.chiba.xml.xforms.action.RebuildAction"/>-->
        <!--        <action name="message" class="org.chiba.xml.xforms.action.MessageAction"/>-->
        <!-- custom actions -->
    </actions>

</chiba-config>
