<?xml version="1.0"?>

<!DOCTYPE hibernate-mapping PUBLIC
    "-//Hibernate/Hibernate Mapping DTD 3.0//EN" 
    "http://hibernate.sourceforge.net/hibernate-mapping-3.0.dtd">

<hibernate-mapping auto-import="false" default-access="field">

  <subclass name="org.jbpm.logging.log.MessageLog" 
            extends="org.jbpm.logging.log.ProcessLog"
            discriminator-value="M">
    <property name="message" column="MESSAGE_" length="4000">
      <type name="string_max">
        <param name="length">4000</param>
      </type> 
    </property>
  </subclass>

</hibernate-mapping>
