<?xml version="1.0"?>

<!DOCTYPE hibernate-mapping PUBLIC
    "-//Hibernate/Hibernate Mapping DTD 3.0//EN" 
    "http://hibernate.sourceforge.net/hibernate-mapping-3.0.dtd">

<hibernate-mapping auto-import="false" default-access="field">

  <class name="org.jbpm.job.Job" 
         table="JBPM_JOB"
         discriminator-value="J">
    <id name="id" column="ID_"><generator class="native" /></id>
    <discriminator type="char" column="CLASS_"/>
    <version name="version" column="VERSION_" />

    <property name="dueDate" column="DUEDATE_" type="timestamp"/>

    <many-to-one name="processInstance"   
                 column="PROCESSINSTANCE_" 
                 cascade="none"
                 foreign-key="FK_JOB_PRINST"
                 index="IDX_JOB_PRINST"/>
    <many-to-one name="token"   
                 column="TOKEN_" 
                 cascade="none"
                 foreign-key="FK_JOB_TOKEN"
                 index="IDX_JOB_TOKEN"/>
    <many-to-one name="taskInstance"   
                 column="TASKINSTANCE_" 
                 cascade="none"
                 foreign-key="FK_JOB_TSKINST"
                 index="IDX_JOB_TSKINST"/>

    <property name="isSuspended" column="ISSUSPENDED_" />
    <property name="isExclusive" column="ISEXCLUSIVE_" />
    <property name="lockOwner" column="LOCKOWNER_" />
    <property name="lockTime" column="LOCKTIME_" />
    <property name="exception" column="EXCEPTION_" length="4000">
      <type name="string_max">
        <param name="length">4000</param>
      </type> 
    </property>
    <property name="retries" column="RETRIES_" />

  </class>

</hibernate-mapping>
