<?xml version="1.0"?>

<!DOCTYPE hibernate-mapping PUBLIC
    "-//Hibernate/Hibernate Mapping DTD 3.0//EN" 
    "http://hibernate.sourceforge.net/hibernate-mapping-3.0.dtd">

<hibernate-mapping auto-import="false" default-access="field">

  <subclass name="org.jbpm.graph.log.ActionLog" 
            extends="org.jbpm.logging.log.ProcessLog"
            discriminator-value="A">
            
    <property name="exception"
              column="EXCEPTION_"
              length="4000">
      <type name="string_max">
        <param name="length">4000</param>
      </type> 
    </property>              
    <many-to-one name="action" 
                 column="ACTION_" 
                 class="org.jbpm.graph.def.Action" 
                 foreign-key="FK_LOG_ACTION" />

  </subclass>

</hibernate-mapping>
