<?xml version="1.0"?>

<!DOCTYPE hibernate-mapping PUBLIC
    "-//Hibernate/Hibernate Mapping DTD 3.0//EN" 
    "http://hibernate.sourceforge.net/hibernate-mapping-3.0.dtd">

<hibernate-mapping auto-import="false" default-access="field">

  <class name="org.jbpm.taskmgmt.exe.TaskInstance" 
         table="JBPM_TASKINSTANCE"
         discriminator-value="T">
    <id name="id" column="ID_"><generator class="native" /></id>
    <discriminator type="char" column="CLASS_"/>
    <version name="version" column="VERSION_" />
  
    <property name="name"         column="NAME_" />
    <property name="description"  column="DESCRIPTION_" length="4000">
      <type name="string_max">
        <param name="length">4000</param>
      </type> 
    </property>
    <property name="actorId"      column="ACTORID_" index="IDX_TASK_ACTORID"/>
    <property name="create"       column="CREATE_" />
    <property name="start"        column="START_" />
    <property name="end"          column="END_" />
    <property name="dueDate"      column="DUEDATE_" />
    <property name="priority"     column="PRIORITY_" />
    <property name="isCancelled"  column="ISCANCELLED_" />
    <property name="isSuspended"  column="ISSUSPENDED_" />
    <property name="isOpen"       column="ISOPEN_" />
    <property name="isSignalling" column="ISSIGNALLING_" />
    <property name="isBlocking"   column="ISBLOCKING_" />
    
    <many-to-one name="task"
                 column="TASK_"
                 foreign-key="FK_TASKINST_TASK"
                 index="IDX_TASKINST_TSK"/>
    <many-to-one name="token"
                 column="TOKEN_" 
                 foreign-key="FK_TASKINST_TOKEN"
                 index="IDX_TASKINST_TOKN"/>
    <many-to-one name="processInstance"
                 column="PROCINST_"
                 foreign-key="FK_TSKINS_PRCINS"
                 index="IDX_TASKINST_TSK"/>
    <many-to-one name="swimlaneInstance" 
                 column="SWIMLANINSTANCE_" 
                 foreign-key="FK_TASKINST_SLINST"
                 index="IDX_TSKINST_SLINST" />
    <many-to-one name="taskMgmtInstance" 
                 column="TASKMGMTINSTANCE_" 
                 foreign-key="FK_TASKINST_TMINST"
                 index="IDX_TSKINST_TMINST"/>

    <map name="variableInstances" cascade="all">
      <key column="TASKINSTANCE_" foreign-key="FK_VAR_TSKINST"/>
      <index type="string" column="NAME_" />
      <one-to-many class="org.jbpm.context.exe.VariableInstance" />
    </map>
    <set name="pooledActors" 
         cascade="all"
         table="JBPM_TASKACTORPOOL">
      <key column="TASKINSTANCE_" foreign-key="FK_TASKACTPL_TSKI"/>
      <many-to-many class="org.jbpm.taskmgmt.exe.PooledActor" column="POOLEDACTOR_" />
    </set>
    <list name="comments" cascade="all" >
      <key column="TASKINSTANCE_" />
      <index column="TASKINSTANCEINDEX_" />
      <one-to-many class="org.jbpm.graph.exe.Comment" />
    </list>

  </class>

</hibernate-mapping>
