<?xml version="1.0"?>

<!DOCTYPE hibernate-mapping PUBLIC
    "-//Hibernate/Hibernate Mapping DTD 3.0//EN" 
    "http://hibernate.sourceforge.net/hibernate-mapping-3.0.dtd">

<hibernate-mapping auto-import="false" default-access="field">

  <subclass name="org.jbpm.context.log.variableinstance.HibernateLongUpdateLog" 
            extends="org.jbpm.context.log.VariableUpdateLog"
            discriminator-value="H">
    <any name="oldValue" id-type="long" cascade="save-update">
      <column name="OLDLONGIDCLASS_" />
      <column name="OLDLONGIDVALUE_" />
    </any>
    <any name="newValue" id-type="long" cascade="save-update">
      <column name="NEWLONGIDCLASS_" />
      <column name="NEWLONGIDVALUE_" />
    </any>
  </subclass>

</hibernate-mapping>
