<?xml version="1.0"?>

<!DOCTYPE hibernate-mapping PUBLIC
    "-//Hibernate/Hibernate Mapping DTD 3.0//EN" 
    "http://hibernate.sourceforge.net/hibernate-mapping-3.0.dtd">

<hibernate-mapping auto-import="false" default-access="field">

  <subclass name="org.jbpm.context.log.variableinstance.StringUpdateLog" 
            extends="org.jbpm.context.log.VariableUpdateLog"
            discriminator-value="U">
    <property name="oldValue" column="OLDSTRINGVALUE_" length="4000">
      <type name="string_max">
        <param name="length">4000</param>
      </type> 
    </property>
    <property name="newValue" column="NEWSTRINGVALUE_" length="4000">
      <type name="string_max">
        <param name="length">4000</param>
      </type> 
    </property>
  </subclass>

</hibernate-mapping>
